state,city
AL,Dothan
AL,Boaz
AL,Florence
AL,Opp
AL,Luverne
AL,Birmingham
AL,Fort Payne
AL,Alabaster
AL,Birmingham
AL,Sheffield
AL,Ozark
AL,Centre
AL,Montgomery
AL,Montgomery
AL,Opelika
AL,Wedowee
AL,Birmingham
AL,Tallassee
AL,Cullman
AL,Andalusia
AL,Anniston
AL,Huntsville
AL,Gadsden
AL,Hamilton
AL,Fayette
AL,Gadsden
AL,Georgiana
AL,Enterprise
AL,Eutaw
AL,Dadeville
AL,Dothan
AL,Birmingham
AL,Centreville
AL,Moulton
AL,Scottsboro
AL,Geneva
AL,Alexander City
AL,Eufaula
AL,Ashland
AL,Anniston
AL,Athens
AL,Foley
AL,Decatur
AL,Winfield
AL,Mobile
AL,Jasper
AL,Mobile
AL,Grove Hill
AL,Tuscaloosa
AL,Greensboro
AL,Wetumpka
AL,Brewton
AL,Fairhope
AL,Talladega
AL,Camden
AL,Birmingham
AL,Birmingham
AL,Prattville
AL,Carrollton
AL,Union Springs
AL,Demopolis
AL,Mobile
AL,Bessemer
AL,Selma
AL,Monroeville
AL,Haleyville
AL,Troy
AL,Jackson
AL,Bay Minette
AL,Pell City
AL,Huntsville
AL,York
AL,Birmingham
AL,Mobile
AL,Jacksonville
AL,Evergreen
AL,Montgomery
AL,Greenville
AL,Muscle Shoals
AL,Russellville
AL,Sylacauga
AL,Phenix City
AL,Atmore
AL,Clanton
AL,Chatom
AL,Red Bay
AL,Butler
AL,Oneonta
AL,Birmingham
AL,Mobile
AK,Anchorage
AK,Palmer
AK,Juneau
AK,Fairbanks
AK,Anchorage
AK,Bethel
AK,Soldotna
AK,Anchorage
AK,Valdez
AK,Seward
AK,Sitka
AK,Petersburg
AK,Wrangell
AK,Kodiak
AK,Cordova
AK,Nome
AK,Dillingham
AK,Kotzebue
AK,Ketchikan
AK,Barrow
AK,Homer
AK,Sitka
AZ,Phoenix
AZ,Tucson
AZ,Cottonwood
AZ,Tucson
AZ,Tucson
AZ,Prescott
AZ,Yuma
AZ,Phoenix
AZ,Casa Grande
AZ,Phoenix
AZ,Flagstaff
AZ,Phoenix
AZ,Phoenix
AZ,Chandler
AZ,Phoenix
AZ,Scottsdale
AZ,Sierra Vista
AZ,Kingman
AZ,Sun City
AZ,Show Low
AZ,Tucson
AZ,Mesa
AZ,Safford
AZ,Lake Havasu City
AZ,Fort Defiance
AZ,Tuba City
AZ,Sells
AZ,Peridot
AZ,Phoenix
AZ,Phoenix
AZ,Chinle
AZ,Tucson
AZ,Scottsdale
AZ,Mesa
AZ,Glendale
AZ,Phoenix
AZ,Sun City West
AZ,Glendale
AZ,Bullhead City
AZ,Phoenix
AZ,Mesa
AZ,Mesa
AZ,Phoenix
AZ,Goodyear
AZ,Tucson
AZ,Chandler
AZ,Whiteriver
AZ,Oro Valley
AZ,Phoenix
AZ,Fort Mohave
AZ,Gilbert
AZ,Mesa
AZ,Gilbert
AZ,Scottsdale
AZ,Queen Creek
AZ,Phoenix
AZ,Apache Junction
AZ,Laveen
AZ,Green Valley
AZ,Goodyear
AZ,Wickenburg
AZ,Benson
AZ,Willcox
AZ,Page
AZ,Polacca
AZ,Parker
AZ,Sacaton
AZ,Ganado
AZ,Winslow
AZ,Bisbee
AZ,Nogales
AZ,Globe
AZ,Springerville
AZ,Parker
AZ,Payson
AZ,Phoenix
AZ,Mesa
AR,Siloam Springs
AR,Clarksville
AR,Fayetteville
AR,Little Rock
AR,Rogers
AR,Danville
AR,Searcy
AR,Mena
AR,Little Rock
AR,Harrison
AR,Van Buren
AR,Forrest City
AR,Jonesboro
AR,Springdale
AR,Hot Springs
AR,Mountain Home
AR,Conway
AR,North Little Rock
AR,Paragould
AR,Russellville
AR,Pocahontas
AR,Camden
AR,Monticello
AR,Fort Smith
AR,Fort Smith
AR,Magnolia
AR,Blytheville
AR,Pine Bluff
AR,Stuttgart
AR,Jacksonville
AR,Malvern
AR,Hot Springs
AR,Benton
AR,Helena
AR,El Dorado
AR,Little Rock
AR,Jonesboro
AR,Batesville
AR,Hot Springs
AR,Little Rock
AR,Sherwood
AR,No Little Rock
AR,Fayetteville
AR,Hope
AR,Conway
AR,Jonesboro
AR,Paris
AR,Dardanelle
AR,Ozark
AR,Eureka Springs
AR,Waldron
AR,Calico Rock
AR,Wynne
AR,Mcgehee
AR,Walnut Ridge
AR,Mountain View
AR,Nashville
AR,Heber Springs
AR,Clinton
AR,De Witt
AR,Osceola
AR,Fordyce
AR,Booneville
AR,De Queen
AR,Ashdown
AR,Arkadelphia
AR,Salem
AR,Crossett
AR,Morrilton
AR,Dumas
AR,Warren
AR,Lake Village
AR,Berryville
AR,Piggott
AR,Gravette
AR,Little Rock
AR,Springdale
CA,Hayward
CA,Eureka
CA,Burlingame
CA,San Francisco
CA,Napa
CA,Saint Helena
CA,Jackson
CA,Sacramento
CA,Riverside
CA,National City
CA,San Diego
CA,La Mesa
CA,Arcata
CA,Oroville
CA,Bakersfield
CA,San Jose
CA,Chico
CA,Sylmar
CA,Red Bluff
CA,Oakland
CA,El Centro
CA,San Francisco
CA,Banning
CA,San Francisco
CA,Lancaster
CA,Visalia
CA,Glendale
CA,Fresno
CA,Los Angeles
CA,Oakdale
CA,Orange
CA,South San Francisco
CA,Santa Clara
CA,Walnut Creek
CA,Vallejo
CA,Oakland
CA,San Francisco
CA,San Diego
CA,San Pedro
CA,Oxnard
CA,Stockton
CA,San Bernardino
CA,Sonoma
CA,Huntington Park
CA,Fresno
CA,West Covina
CA,Upland
CA,San Diego
CA,Vallejo
CA,Riverside
CA,Los Angeles
CA,Lynwood
CA,Santa Maria
CA,Sacramento
CA,Lompoc
CA,Santa Monica
CA,San Mateo
CA,Escondido
CA,Northridge
CA,Manteca
CA,Hanford
CA,Stockton
CA,Glendale
CA,San Jose
CA,Van Nuys
CA,Woodland
CA,Oceanside
CA,San Bernardino
CA,Novato
CA,San Gabriel
CA,Marysville
CA,Hollywood
CA,Petaluma
CA,Panorama City
CA,Los Angeles
CA,Downey
CA,Fontana
CA,Monterey
CA,Los Angeles
CA,Grass Valley
CA,San Francisco
CA,San Jose
CA,Encino
CA,Ventura
CA,French Camp
CA,Fullerton
CA,Whittier
CA,Santa Rosa
CA,Turlock
CA,Walnut Creek
CA,King City
CA,Long Beach
CA,Reedley
CA,Watsonville
CA,Fremont
CA,Redwood City
CA,Palmdale
CA,Glendora
CA,Alameda
CA,Chula Vista
CA,Newport Beach
CA,Paradise
CA,Anaheim
CA,San Francisco
CA,Garden Grove
CA,Pomona
CA,San Luis Obispo
CA,Coronado
CA,Burbank
CA,Simi Valley
CA,Arcadia
CA,Glendale
CA,Santa Cruz
CA,Palm Springs
CA,Colton
CA,Salinas
CA,Placerville
CA,Bakersfield
CA,Porterville
CA,Los Angeles
CA,Redlands
CA,Martinez
CA,Mission Hills
CA,Joshua Tree
CA,Redding
CA,Alhambra
CA,Pleasanton
CA,Daly City
CA,Santa Monica
CA,Santa Rosa
CA,Moreno Valley
CA,Bakersfield
CA,Hollister
CA,Barstow
CA,Apple Valley
CA,Ukiah
CA,Berkeley
CA,Mountain View
CA,Roseville
CA,Tracy
CA,Bakersfield
CA,Oakland
CA,La Jolla
CA,Loma Linda
CA,Corona
CA,Salinas
CA,Sonora
CA,Lodi
CA,Brawley
CA,Orange
CA,Montebello
CA,Torrance
CA,South Lake Tahoe
CA,Torrance
CA,Santa Barbara
CA,Greenbrae
CA,Fairfield
CA,Los Angeles
CA,Torrance
CA,Sun Valley
CA,San Jose
CA,Covina
CA,Hemet
CA,Downey
CA,Ventura
CA,Santa Barbara
CA,Coalinga
CA,San Francisco
CA,Harbor City
CA,Folsom
CA,Crescent City
CA,Blythe
CA,La Jolla
CA,Sacramento
CA,Anaheim
CA,Pasadena
CA,Stanford
CA,Merced
CA,San Francisco
CA,Bakersfield
CA,San Francisco
CA,Modesto
CA,Gardena
CA,Los Angeles
CA,West Hills
CA,Long Beach
CA,Castro Valley
CA,Clovis
CA,Concord
CA,Auburn
CA,Los Angeles
CA,Encinitas
CA,San Luis Obispo
CA,San Rafael
CA,Fremont
CA,San Diego
CA,Carmichael
CA,Victorville
CA,Antioch
CA,Huntington Beach
CA,Los Banos
CA,Indio
CA,Davis
CA,Redwood City
CA,Costa Mesa
CA,Porterville
CA,Eldridge
CA,Costa Mesa
CA,Thousand Oaks
CA,Los Alamitos
CA,Modesto
CA,Los Angeles
CA,Mission Viejo
CA,Madera
CA,Fountain Valley
CA,Rancho Mirage
CA,La Palma
CA,Lakewood
CA,Chino
CA,San Dimas
CA,Placentia
CA,Sacramento
CA,Glendora
CA,Sacramento
CA,Laguna Hills
CA,San Jose
CA,Delano
CA,Anaheim
CA,Camarillo
CA,Valencia
CA,Los Angeles
CA,Templeton
CA,Poway
CA,Los Angeles
CA,Los Angeles
CA,San Francisco
CA,Sacramento
CA,Woodland Hills
CA,Fountain Valley
CA,Sun City
CA,Riverside
CA,Gilroy
CA,San Ramon
CA,Santa Rosa
CA,Los Angeles
CA,Redding
CA,Murrieta
CA,Panorama City
CA,Fresno
CA,Victorville
CA,Fresno
CA,Santa Cruz
CA,Downey
CA,Baldwin Park
CA,Bakersfield
CA,Modesto
CA,Long Beach
CA,Whittier
CA,Monterey Park
CA,Monterey Park
CA,South El Monte
CA,Inglewood
CA,Marina Del Rey
CA,Los Angeles
CA,Anaheim
CA,Orange
CA,Santa Ana
CA,Santa Ana
CA,Manteca
CA,Los Angeles
CA,Menlo Park
CA,Sherman Oaks
CA,San Diego
CA,Montclair
CA,Antioch
CA,Tarzana
CA,Los Angeles
CA,Redding
CA,Moreno Valley
CA,Yuba City
CA,Vacaville
CA,Irvine
CA,Murrieta
CA,Norwalk
CA,Roseville
CA,San Leandro
CA,Temecula
CA,Long Beach
CA,San Leandro
CA,Loma Linda
CA,Los Angeles
CA,Tustin
CA,Sebastopol
CA,Pomona
CA,Colusa
CA,Portola
CA,Tehachapi
CA,Lone Pine
CA,Mammoth Lakes
CA,Mariposa
CA,Fall River Mills
CA,Willows
CA,Avalon
CA,Cedarville
CA,Garberville
CA,Willits
CA,Gridley
CA,Lake Arrowhead
CA,Lake Isabella
CA,Weaverville
CA,Yreka
CA,Clearlake
CA,Fortuna
CA,Mount Shasta
CA,Susanville
CA,Healdsburg
CA,Needles
CA,Bishop
CA,Fort Bragg
CA,Quincy
CA,Chester
CA,Truckee
CA,Lakeport
CA,Alturas
CA,Solvang
CA,San Andreas
CA,Ridgecrest
CA,Ojai
CA,Big Bear Lake
CA,Madera
CA,Oakland
CA,Los Angeles
CA,San Diego
CA,Orange
CA,Palo Alto
CA,Mission Viejo
CA,Orange
CA,Long Beach
CA,Los Angeles
CA,Sacramento
CO,Greeley
CO,Longmont
CO,Brighton
CO,Montrose
CO,Alamosa
CO,Wheat Ridge
CO,Fort Collins
CO,Denver
CO,Pueblo
CO,Durango
CO,Denver
CO,Lakewood
CO,Pueblo
CO,Colorado Springs
CO,Grand Junction
CO,Aurora
CO,Boulder
CO,Denver
CO,Loveland
CO,Colorado Springs
CO,Denver
CO,Englewood
CO,Fort Morgan
CO,Steamboat Springs
CO,Grand Junction
CO,Denver
CO,Thornton
CO,Delta
CO,Glenwood Springs
CO,Sterling
CO,Vail
CO,Aurora
CO,Louisville
CO,Westminster
CO,Denver
CO,Lone Tree
CO,Littleton
CO,Parker
CO,Lafayette
CO,Durango
CO,Frisco
CO,Loveland
CO,Lakewood
CO,Castle Rock
CO,Fort Collins
CO,Northglenn
CO,Longmont
CO,Broomfield
CO,Colorado Springs
CO,Eads
CO,Del Norte
CO,Fruita
CO,Brush
CO,Haxtun
CO,Holyoke
CO,Hugo
CO,Rangely
CO,La Jara
CO,Wray
CO,Julesburg
CO,Springfield
CO,Estes Park
CO,Burlington
CO,Craig
CO,Yuma
CO,Walsenburg
CO,Rifle
CO,Kremmling
CO,Leadville
CO,Gunnison
CO,Trinidad
CO,Salida
CO,Lamar
CO,Aspen
CO,Meeker
CO,Woodland Park
CO,Cortez
CO,Pagosa Springs
CO,La Junta
CO,Cheyenne Wells
CO,Canon City
CO,Aurora
CT,Hartford
CT,Putnam
CT,Sharon
CT,Waterbury
CT,Stamford
CT,New London
CT,Stafford Springs
CT,Bridgeport
CT,Torrington
CT,Rockville
CT,Waterbury
CT,Meriden
CT,Greenwich
CT,Milford
CT,Middletown
CT,Willimantic
CT,New Haven
CT,Norwich
CT,Hartford
CT,Manchester
CT,Bridgeport
CT,Bristol
CT,Derby
CT,Danbury
CT,Norwalk
CT,New Britain
CT,Farmington
CT,Branford
CT,Wallingford
CT,West Hartford
CT,Hartford
DE,Newark
DE,Wilmington
DE,Dover
DE,Seaford
DE,Lewes
DE,Milford
DE,Wilmington
DC,Washington
DC,Washington
DC,Washington
DC,Washington
DC,Washington
DC,Washington
DC,Washington
DC,Washington
FL,Jacksonville
FL,Boynton Beach
FL,Orlando
FL,Orlando
FL,Miami
FL,Fort Myers
FL,New Smyrna Beach
FL,Daytona Beach
FL,Naples
FL,Melbourne
FL,Miami
FL,Inverness
FL,Pensacola
FL,Panama City
FL,Titusville
FL,Miami
FL,Ocoee
FL,Saint Petersburg
FL,Miami Beach
FL,Bradenton
FL,Hollywood
FL,Fort Lauderdale
FL,Jacksonville
FL,Dunedin
FL,Stuart
FL,Deland
FL,Zephyrhills
FL,Punta Gorda
FL,Jay
FL,Sebring
FL,Hialeah
FL,Clermont
FL,Winter Haven
FL,Hialeah
FL,Niceville
FL,Tarpon Springs
FL,Tavares
FL,Ocala
FL,New Port Richey
FL,Saint Petersburg
FL,Daytona Beach
FL,Tampa
FL,Venice
FL,Brooksville
FL,Orange City
FL,Fort Lauderdale
FL,Tampa
FL,Port Charlotte
FL,Atlantis
FL,Defuniak Springs
FL,Leesburg
FL,Pompano Beach
FL,Sarasota
FL,Jacksonville
FL,Saint Augustine
FL,Rockledge
FL,Pensacola
FL,Lake Wales
FL,Lake City
FL,Vero Beach
FL,Perry
FL,Lehigh Acres
FL,Sebring
FL,Kissimmee
FL,Gainesville
FL,Jacksonville Beach
FL,Palm Coast
FL,Bartow
FL,Crestview
FL,Milton
FL,Homestead
FL,Saint Petersburg
FL,Clearwater
FL,Tampa
FL,Belle Glade
FL,Aventura
FL,Plant City
FL,Macclenny
FL,Tallahassee
FL,Davenport
FL,Fernandina Beach
FL,Marianna
FL,Key West
FL,Jacksonville
FL,South Miami
FL,Lake City
FL,Lakeland
FL,Sanford
FL,Sarasota
FL,Plantation
FL,Boca Raton
FL,Tampa
FL,Arcadia
FL,Palm Beach Gardens
FL,Cocoa Beach
FL,Jacksonville
FL,Saint Petersburg
FL,South Miami
FL,Coral Gables
FL,Hialeah
FL,Margate
FL,Trinity
FL,Fort Lauderdale
FL,Gainesville
FL,Tampa
FL,Miami
FL,Dade City
FL,Ocala
FL,Bradenton
FL,Sebastian
FL,Fort Myers
FL,Fort Walton Beach
FL,Tamarac
FL,Orange Park
FL,Plantation
FL,Pembroke Pines
FL,Pensacola
FL,Palatka
FL,Port Charlotte
FL,Saint Petersburg
FL,Panama City
FL,Brandon
FL,Cape Coral
FL,Fort Pierce
FL,Largo
FL,Crystal River
FL,Okeechobee
FL,Jupiter
FL,Tallahassee
FL,Tampa
FL,Hudson
FL,Delray Beach
FL,Sun City Center
FL,Port Saint Lucie
FL,Brooksville
FL,Safety Harbor
FL,Gulf Breeze
FL,Englewood
FL,Boca Raton
FL,Loxahatchee
FL,Wellington
FL,Coral Springs
FL,Miami
FL,Pembroke Pines
FL,Miami
FL,Miramar
FL,Naples
FL,West Palm Beach
FL,West Palm Beach
FL,Weston
FL,The Villages
FL,Melbourne
FL,Miramar Beach
FL,Coral Gables
FL,Chattahoochee
FL,Bradenton
FL,Saint Cloud
FL,Jacksonville
FL,Port Saint Joe
FL,Miami
FL,Melbourne
FL,Palm Bay
FL,Wesley Chapel
FL,Kissimmee
FL,Middleburg
FL,Williston
FL,Miami
FL,Oviedo
FL,Wauchula
FL,Live Oak
FL,Lake Butler
FL,Blountstown
FL,Apalachicola
FL,Bonifay
FL,Chipley
FL,Clewiston
FL,Starke
FL,Madison
FL,Marathon
FL,Tavernier
FL,Saint Petersburg
FL,Miami
FL,Tampa
FL,Orlando
GA,Dalton
GA,Thomaston
GA,Waycross
GA,Cumming
GA,Athens
GA,Albany
GA,Canton
GA,Atlanta
GA,Carrollton
GA,Villa Rica
GA,Lagrange
GA,Covington
GA,Calhoun
GA,Savannah
GA,Brunswick
GA,Elberton
GA,Lavonia
GA,Augusta
GA,Gainesville
GA,Cartersville
GA,Griffin
GA,Toccoa
GA,Augusta
GA,Marietta
GA,Savannah
GA,Thomasville
GA,Commerce
GA,Demorest
GA,Hiram
GA,Savannah
GA,Americus
GA,Winder
GA,Monroe
GA,Chatsworth
GA,Blairsville
GA,Rome
GA,Columbus
GA,Warner Robins
GA,Baxley
GA,Fitzgerald
GA,Athens
GA,Statesboro
GA,Decatur
GA,Atlanta
GA,Atlanta
GA,Atlanta
GA,Atlanta
GA,Sandersville
GA,Lawrenceville
GA,Douglas
GA,Conyers
GA,Eastman
GA,Tifton
GA,Louisville
GA,Adel
GA,Cordele
GA,Moultrie
GA,Macon
GA,Swainsboro
GA,Thomson
GA,Waynesboro
GA,Atlanta
GA,Cairo
GA,Valdosta
GA,Jesup
GA,Dublin
GA,Vidalia
GA,Columbus
GA,Ocilla
GA,Bainbridge
GA,Hawkinsville
GA,Claxton
GA,Austell
GA,Saint Marys
GA,Milledgeville
GA,Perry
GA,Atlanta
GA,Macon
GA,Riverdale
GA,Rome
GA,Augusta
GA,Douglasville
GA,Dahlonega
GA,Blue Ridge
GA,Montezuma
GA,Stockbridge
GA,Snellville
GA,Donalsonville
GA,Roswell
GA,Columbus
GA,Macon
GA,Moultrie
GA,Fayetteville
GA,Jasper
GA,Lithonia
GA,Newnan
GA,Johns Creek
GA,Newnan
GA,Nashville
GA,Fort Oglethorpe
GA,Cuthbert
GA,Cochran
GA,Monticello
GA,Madison
GA,Colquitt
GA,Springfield
GA,Homerville
GA,Byron
GA,Millen
GA,Sylvania
GA,Eatonton
GA,Blakely
GA,Warm Springs
GA,Forsyth
GA,Jackson
GA,Bremen
GA,Reidsville
GA,Hiawassee
GA,Washington
GA,Lakeland
GA,Alma
GA,Sylvester
GA,Greensboro
GA,Cedartown
GA,Camilla
GA,Quitman
GA,Hazlehurst
GA,Metter
GA,Hinesville
GA,Clayton
GA,Atlanta
GA,Atlanta
HI,Honolulu
HI,Wailuku
HI,Wahiawa
HI,Hilo
HI,Kailua
HI,Honolulu
HI,Honolulu
HI,Lihue
HI,Kealakekua
HI,Honolulu
HI,Aiea
HI,Kamuela
HI,Waimea
HI,Pahala
HI,Kapaau
HI,Kaunakakai
HI,Kahuku
HI,Lanai City
HI,Kapaa
HI,Honokaa
HI,Kula
HI,Honolulu
HI,Honolulu
ID,Twin Falls
ID,Lewiston
ID,Boise
ID,Boise
ID,Nampa
ID,Caldwell
ID,Idaho Falls
ID,Rexburg
ID,Pocatello
ID,Coeur D'alene
ID,Boise
ID,Idaho Falls
ID,Post Falls
ID,Blackfoot
ID,Nampa
ID,Bonners Ferry
ID,Gooding
ID,Malad
ID,American Falls
ID,Salmon
ID,Weiser
ID,Cascade
ID,Soda Springs
ID,Jerome
ID,Mountain Home
ID,Mc Call
ID,Driggs
ID,Kellogg
ID,Grangeville
ID,Montpelier
ID,St Maries
ID,Emmett
ID,Rupert
ID,Orofino
ID,Cottonwood
ID,Preston
ID,Ketchum
ID,Arco
ID,Blackfoot
ID,Burley
ID,Moscow
ID,Sandpoint
IL,Canton
IL,Alton
IL,Joliet
IL,Melrose Park
IL,Evanston
IL,Herrin
IL,Dixon
IL,Peoria
IL,Quincy
IL,Chicago
IL,Shelbyville
IL,Aurora
IL,Elgin
IL,Effingham
IL,Waukegan
IL,Centralia
IL,Galesburg
IL,Sterling
IL,Mount Vernon
IL,Chicago
IL,Oak Park
IL,Alton
IL,Springfield
IL,Berwyn
IL,Jacksonville
IL,Jerseyville
IL,Palos Heights
IL,Oak Park
IL,Galesburg
IL,La Grange
IL,Peoria
IL,Chicago
IL,Centreville
IL,Evanston
IL,Chicago
IL,Chicago
IL,Waukegan
IL,Chicago
IL,Macomb
IL,Urbana
IL,Danville
IL,Chicago
IL,Zion
IL,Morris
IL,Chicago
IL,Ottawa
IL,Urbana
IL,Chicago
IL,Chicago
IL,Mchenry
IL,Chicago
IL,Blue Island
IL,Chicago
IL,Pekin
IL,Hinsdale
IL,Chicago
IL,Granite City
IL,Normal
IL,Lake Forest
IL,Chicago
IL,Decatur
IL,Greenville
IL,Spring Valley
IL,Breese
IL,Olney
IL,Springfield
IL,Chicago
IL,Kankakee
IL,Chicago
IL,Freeport
IL,Pontiac
IL,Bloomington
IL,Carbondale
IL,Decatur
IL,Watseka
IL,Olympia Fields
IL,Aurora
IL,Woodstock
IL,Chicago
IL,Evergreen Park
IL,Chicago
IL,Chicago
IL,Chicago
IL,Marion
IL,Belleville
IL,Kankakee
IL,O Fallon
IL,Mattoon
IL,Harvey
IL,Chicago
IL,Elmhurst
IL,Libertyville
IL,Chicago
IL,Oak Lawn
IL,Peoria
IL,Harrisburg
IL,Geneva
IL,New Lenox
IL,Elgin
IL,Park Ridge
IL,Chicago
IL,Rockford
IL,Naperville
IL,Rockford
IL,Peru
IL,Rockford
IL,Melrose Park
IL,Winfield
IL,Hazel Crest
IL,Chicago
IL,Arlington Heights
IL,Elk Grove Village
IL,Silvis
IL,Maywood
IL,Rock Island
IL,Chicago
IL,Dekalb
IL,Downers Grove
IL,Maryville
IL,Hoffman Estates
IL,Barrington
IL,Glendale Heights
IL,Mount Vernon
IL,Chicago
IL,Bolingbrook
IL,Shiloh
IL,Carrollton
IL,Monticello
IL,Galena
IL,Clinton
IL,Aledo
IL,Carthage
IL,Staunton
IL,Pinckneyville
IL,Nashville
IL,Eureka
IL,Mendota
IL,Fairfield
IL,Rochelle
IL,Havana
IL,Pittsfield
IL,Hoopeston
IL,Gibson City
IL,Monmouth
IL,Geneseo
IL,Paris
IL,Benton
IL,Lincoln
IL,Metropolis
IL,Eldorado
IL,Kewanee
IL,Mcleansboro
IL,Mount Carmel
IL,Rosiclare
IL,Morrison
IL,Hopedale
IL,Du Quoin
IL,Hillsboro
IL,Rushville
IL,Murphysboro
IL,Harvard
IL,Highland
IL,Princeton
IL,Chester
IL,Taylorville
IL,Sandwich
IL,Pana
IL,Anna
IL,Robinson
IL,Lawrenceville
IL,Salem
IL,Vandalia
IL,Carlinville
IL,Red Bud
IL,Sparta
IL,Litchfield
IL,Flora
IL,Chicago
IL,Chicago
IL,Chicago
IN,Franklin
IN,Gary
IN,Hammond
IN,Danville
IN,La Porte
IN,Kokomo
IN,East Chicago
IN,Jeffersonville
IN,Kokomo
IN,Marion
IN,Mishawaka
IN,Michigan City
IN,Fort Wayne
IN,Elkhart
IN,Fort Wayne
IN,Crawfordsville
IN,Terre Haute
IN,Indianapolis
IN,Goshen
IN,New Castle
IN,Hobart
IN,Valparaiso
IN,Greenfield
IN,Vincennes
IN,New Albany
IN,Auburn
IN,Terre Haute
IN,Fort Wayne
IN,Richmond
IN,Bloomington
IN,Indianapolis
IN,Mooresville
IN,South Bend
IN,Noblesville
IN,Washington
IN,Connersville
IN,Seymour
IN,Madison
IN,Logansport
IN,Indianapolis
IN,Bluffton
IN,Plymouth
IN,Evansville
IN,Indianapolis
IN,Lawrenceburg
IN,Anderson
IN,Muncie
IN,Dyer
IN,Huntington
IN,Shelbyville
IN,Evansville
IN,Columbia City
IN,Knox
IN,Lebanon
IN,Lafayette
IN,Columbus
IN,Anderson
IN,Jasper
IN,Munster
IN,Crown Point
IN,Indianapolis
IN,Warsaw
IN,Kendallville
IN,Newburgh
IN,Fort Wayne
IN,Indianapolis
IN,Carmel
IN,Avon
IN,Indianapolis
IN,Carmel
IN,Indianapolis
IN,Munster
IN,Crown Point
IN,Fort Wayne
IN,Fort Wayne
IN,Indianapolis
IN,New Albany
IN,Lafayette
IN,Newburgh
IN,Clarksville
IN,Mishawaka
IN,Indianapolis
IN,Fishers
IN,Carmel
IN,Bloomington
IN,Bremen
IN,Winchester
IN,Hartford City
IN,North Vernon
IN,Rushville
IN,Winamac
IN,Paoli
IN,Williamsport
IN,Elwood
IN,Brazil
IN,Wabash
IN,Tipton
IN,Monticello
IN,Rochester
IN,Salem
IN,Angola
IN,Frankfort
IN,Linton
IN,Peru
IN,Princeton
IN,Portland
IN,Tell City
IN,Lagrange
IN,Rensselaer
IN,Boonville
IN,Clinton
IN,Sullivan
IN,Bedford
IN,Batesville
IN,Decatur
IN,Corydon
IN,Greensburg
IN,Greencastle
IN,Scottsburg
IN,Bedford
IA,Marshalltown
IA,Carroll
IA,Keokuk
IA,Muscatine
IA,Fort Dodge
IA,Des Moines
IA,Council Bluffs
IA,Iowa City
IA,Ames
IA,Newton
IA,Davenport
IA,Cedar Falls
IA,Cedar Rapids
IA,Council Bluffs
IA,West Burlington
IA,Iowa City
IA,Mason City
IA,Waterloo
IA,Dubuque
IA,Cedar Rapids
IA,Clinton
IA,Des Moines
IA,Des Moines
IA,Ottumwa
IA,Des Moines
IA,Bettendorf
IA,Waterloo
IA,Spencer
IA,Dubuque
IA,Fort Madison
IA,Spirit Lake
IA,Sioux City
IA,Grinnell
IA,Sioux City
IA,Primghar
IA,Belmond
IA,Clarion
IA,Grundy Center
IA,Corning
IA,Pocahontas
IA,Anamosa
IA,Britt
IA,Hampton
IA,Missouri Valley
IA,Greenfield
IA,Hawarden
IA,Guttenberg
IA,Dewitt
IA,Guthrie Center
IA,Sigourney
IA,West Union
IA,Marengo
IA,Waukon
IA,Elkader
IA,Sumner
IA,Rock Rapids
IA,Perry
IA,Osage
IA,Hamburg
IA,Jefferson
IA,Winterset
IA,Bloomfield
IA,Cresco
IA,Maquoketa
IA,Audubon
IA,New Hampton
IA,Manning
IA,Nevada
IA,Humboldt
IA,Independence
IA,Rock Valley
IA,Keosauqua
IA,Oelwein
IA,Waverly
IA,Leon
IA,Chariton
IA,Albia
IA,Manchester
IA,Washington
IA,Sibley
IA,Sioux Center
IA,Charles City
IA,Osceola
IA,Vinton
IA,Lake City
IA,Estherville
IA,Clarinda
IA,Algona
IA,Ida Grove
IA,Knoxville
IA,Mount Pleasant
IA,Emmetsburg
IA,Corydon
IA,Onawa
IA,Orange City
IA,Webster City
IA,Cherokee
IA,Red Oak
IA,Fairfield
IA,Creston
IA,Shenandoah
IA,Pella
IA,Le Mars
IA,Denison
IA,Sac City
IA,Decorah
IA,Boone
IA,Mount Ayr
IA,Harlan
IA,Storm Lake
IA,Atlantic
IA,Centerville
IA,Dyersville
IA,Oskaloosa
IA,Iowa Falls
IA,Sheldon
KS,Pittsburg
KS,Leavenworth
KS,Salina
KS,Hays
KS,Ottawa
KS,Topeka
KS,El Dorado
KS,Hutchinson
KS,Garden City
KS,Pratt
KS,Wellington
KS,Kansas City
KS,Olathe
KS,Fort Scott
KS,Liberal
KS,Junction City
KS,Moundridge
KS,Topeka
KS,Newton
KS,Shawnee Mission
KS,Mcpherson
KS,Paola
KS,Ulysses
KS,Parsons
KS,Wichita
KS,Wichita
KS,Leavenworth
KS,Lawrence
KS,Manhattan
KS,Coffeyville
KS,Kansas City
KS,Arkansas City
KS,Elkhart
KS,Dodge City
KS,Overland Park
KS,Overland Park
KS,Wichita
KS,Overland Park
KS,Wichita
KS,Salina
KS,Leawood
KS,Manhattan
KS,Great Bend
KS,Leawood
KS,Wichita
KS,Andover
KS,Hutchinson
KS,Lenexa
KS,Wichita
KS,Overland Park
KS,Galena
KS,Ransom
KS,Ellinwood
KS,Oswego
KS,Dighton
KS,Ashland
KS,Leoti
KS,Atwood
KS,Columbus
KS,Mankato
KS,St Francis
KS,Plainville
KS,Coldwater
KS,Lakin
KS,Winchester
KS,Seneca
KS,Garnett
KS,Kinsley
KS,Sedan
KS,Holton
KS,Horton
KS,Meade
KS,Syracuse
KS,Stafford
KS,Satanta
KS,Hill City
KS,Oakley
KS,Ellsworth
KS,Minneapolis
KS,Caldwell
KS,Lyons
KS,Kiowa
KS,Greensburg
KS,Hoisington
KS,Medicine Lodge
KS,Hugoton
KS,Ness City
KS,Wamego
KS,Sabetha
KS,Eureka
KS,Herington
KS,Hiawatha
KS,La Crosse
KS,Johnson
KS,Neodesha
KS,Larned
KS,Anthony
KS,Hoxie
KS,Norton
KS,Concordia
KS,Russell
KS,Washington
KS,Oberlin
KS,Phillipsburg
KS,Onaga
KS,Wa Keeney
KS,Marion
KS,Hillsboro
KS,Lindsborg
KS,Tribune
KS,Lincoln
KS,Belleville
KS,Colby
KS,Marysville
KS,Osborne
KS,Hanover
KS,Quinter
KS,Minneola
KS,Jetmore
KS,Goodland
KS,Clay Center
KS,Scott City
KS,Iola
KS,Fredonia
KS,Beloit
KS,Girard
KS,Smith Center
KS,Kingman
KS,Council Grove
KS,Chanute
KS,Abilene
KS,Atchison
KS,Winfield
KS,Emporia
KS,Burlington
KS,Overland Park
KY,Fort Thomas
KY,Whitesburg
KY,Greenville
KY,Prestonsburg
KY,Ashland
KY,Lexington
KY,London
KY,Elizabethtown
KY,Bowling Green
KY,Shelbyville
KY,Glasgow
KY,Morehead
KY,Maysville
KY,Middlesboro
KY,Pineville
KY,Lebanon
KY,Bardstown
KY,Murray
KY,Hazard
KY,Edgewood
KY,Ashland
KY,Owensboro
KY,Louisville
KY,Manchester
KY,Pikeville
KY,Florence
KY,Paris
KY,Danville
KY,Richmond
KY,Harlan
KY,Hopkinsville
KY,Flemingsburg
KY,Henderson
KY,Mount Sterling
KY,Russellville
KY,Lexington
KY,South Williamson
KY,Leitchfield
KY,Paintsville
KY,Cynthiana
KY,Corbin
KY,Campbellsville
KY,Louisville
KY,Winchester
KY,Madisonville
KY,Marion
KY,Georgetown
KY,Paducah
KY,Lexington
KY,Paducah
KY,Tompkinsville
KY,Albany
KY,Mount Vernon
KY,Mayfield
KY,Bowling Green
KY,Frankfort
KY,Louisa
KY,Louisville
KY,Somerset
KY,La Grange
KY,Jackson
KY,Louisville
KY,Lexington
KY,Columbia
KY,Irvine
KY,Harrodsburg
KY,Cadiz
KY,Martin
KY,Morganfield
KY,West Liberty
KY,Versailles
KY,Liberty
KY,Carrollton
KY,Williamstown
KY,Horse Cave
KY,Stanford
KY,Hyden
KY,Burkesville
KY,Franklin
KY,Hardinsburg
KY,Salem
KY,Monticello
KY,Princeton
KY,Hartford
KY,Scottsville
KY,Greensburg
KY,Benton
KY,Barbourville
KY,Berea
KY,Russell Springs
KY,Mc Dowell
LA,Lafayette
LA,Thibodaux
LA,New Orleans
LA,Lafayette
LA,Natchitoches
LA,Houma
LA,Monroe
LA,Sulphur
LA,Morgan City
LA,Hammond
LA,Opelousas
LA,Alexandria
LA,Zachary
LA,Mamou
LA,Alexandria
LA,Lake Charles
LA,Abbeville
LA,New Orleans
LA,Marrero
LA,Slidell
LA,Shreveport
LA,Crowley
LA,Covington
LA,New Orleans
LA,Deridder
LA,Jennings
LA,New Iberia
LA,Lake Charles
LA,Baton Rouge
LA,Baton Rouge
LA,Luling
LA,Oak Grove
LA,Ruston
LA,Springhill
LA,Winnfield
LA,Shreveport
LA,Marksville
LA,Lafayette
LA,Oakdale
LA,Shreveport
LA,Homer
LA,Bastrop
LA,Mansfield
LA,Monroe
LA,Baton Rouge
LA,Kinder
LA,Winnsboro
LA,Minden
LA,Jena
LA,Metairie
LA,Rayville
LA,West Monroe
LA,Leesville
LA,Ville Platte
LA,New Orleans
LA,Houma
LA,Columbia
LA,Columbia
LA,Lake Charles
LA,Baton Rouge
LA,Slidell
LA,Lafayette
LA,Lake Providence
LA,Many
LA,Houma
LA,Gonzales
LA,Monroe
LA,Baton Rouge
LA,Lafayette
LA,Slidell
LA,Lafayette
LA,Lafayette
LA,Baton Rouge
LA,Covington
LA,Lafayette
LA,Slidell
LA,Kenner
LA,Shreveport
LA,Leesville
LA,Alexandria
LA,New Orleans
LA,Metairie
LA,Hammond
LA,Cameron
LA,Chalmette
LA,Bogalusa
LA,New Orleans
LA,Greensburg
LA,Farmerville
LA,Breaux Bridge
LA,Napoleonville
LA,Vivian
LA,Lutcher
LA,Saint Francisville
LA,Dequincy
LA,Donaldsonville
LA,Amite
LA,Franklin
LA,Bunkie
LA,Coushatta
LA,Franklinton
LA,Tallulah
LA,Olla
LA,New Roads
LA,Jonesboro
LA,Ferriday
LA,Church Point
LA,Arcadia
LA,Independence
LA,Kaplan
LA,Delhi
LA,Raceland
LA,Cut Off
LA,Bernice
LA,New Orleans
LA,Shreveport
ME,Bangor
ME,Portland
ME,Portland
ME,Presque Isle
ME,Biddeford
ME,York
ME,Brunswick
ME,Lewiston
ME,Caribou
ME,Bangor
ME,Lewiston
ME,Farmington
ME,Augusta
ME,Waterville
ME,Ellsworth
ME,Fort Kent
ME,Rockport
ME,Blue Hill
ME,Greenville
ME,Damariscotta
ME,Lincoln
ME,Bar Harbor
ME,Calais
ME,Rumford
ME,Millinocket
ME,Houlton
ME,Dover Foxcroft
ME,Bridgton
ME,Machias
ME,Belfast
ME,Pittsfield
ME,Skowhegan
ME,Norway
MD,Hagerstown
MD,Baltimore
MD,Cheverly
MD,Silver Spring
MD,Frederick
MD,Havre De Grace
MD,Baltimore
MD,Baltimore
MD,Baltimore
MD,Baltimore
MD,Baltimore
MD,Baltimore
MD,Takoma Park
MD,Oakland
MD,Olney
MD,Salisbury
MD,Bethesda
MD,Annapolis
MD,Baltimore
MD,Cumberland
MD,Leonardtown
MD,Baltimore
MD,Chestertown
MD,Elkton
MD,Westminster
MD,Baltimore
MD,La Plata
MD,Easton
MD,Baltimore
MD,Prince Frederick
MD,Randallstown
MD,Glen Burnie
MD,Baltimore
MD,Crisfield
MD,Columbia
MD,Bel Air
MD,Lanham
MD,Laurel
MD,Baltimore
MD,Rockville
MD,Baltimore
MD,Fort Washington
MD,Berlin
MD,Clinton
MD,Towson
MD,Baltimore
MD,Germantown
MD,Baltimore
MD,Baltimore
MA,Leominster
MA,Cambridge
MA,Attleboro
MA,Lawrence
MA,Cambridge
MA,Hyannis
MA,Northampton
MA,Greenfield
MA,Boston
MA,Southbridge
MA,Fall River
MA,Holyoke
MA,Newburyport
MA,Palmer
MA,Boston
MA,Beverly
MA,Salem
MA,Brighton
MA,Pittsfield
MA,Marlborough
MA,Brockton
MA,Plymouth
MA,Worcester
MA,Lowell
MA,Westfield
MA,Springfield
MA,Melrose
MA,Boston
MA,Taunton
MA,Fall River
MA,Boston
MA,Springfield
MA,Methuen
MA,Needham
MA,W Concord
MA,Boston
MA,Boston
MA,Milford
MA,Gardner
MA,Ayer
MA,South Weymouth
MA,Newton
MA,Winchester
MA,Milton
MA,Boston
MA,Brockton
MA,Boston
MA,Boston
MA,Norwood
MA,Falmouth
MA,Worcester
MA,Burlington
MA,Framingham
MA,Worcester
MA,Nantucket
MA,Oak Bluffs
MA,Great Barrington
MA,Athol
MA,Brighton
MA,Boston
MA,Springfield
MA,Boston
MI,Livonia
MI,Zeeland
MI,Adrian
MI,Pontiac
MI,Three Rivers
MI,Kalamazoo
MI,Southfield
MI,Dearborn
MI,St Joseph
MI,Coldwater
MI,Detroit
MI,Pontiac
MI,Alma
MI,Port Huron
MI,Greenville
MI,Alpena
MI,Hillsdale
MI,Grand Rapids
MI,Hastings
MI,Bay City
MI,Ann Arbor
MI,Clinton Township
MI,Detroit
MI,Marquette
MI,Iron Mountain
MI,Grayling
MI,Grand Rapids
MI,Muskegon
MI,Howell
MI,Saginaw
MI,Southfield
MI,Holland
MI,Battle Creek
MI,Saginaw
MI,Watervliet
MI,Mount Pleasant
MI,Cadillac
MI,South Haven
MI,Grosse Pointe
MI,Jackson
MI,Big Rapids
MI,West Branch
MI,Sturgis
MI,Traverse City
MI,Monroe
MI,Tawas City
MI,Detroit
MI,Petoskey
MI,Hancock
MI,Ludington
MI,Kalamazoo
MI,Bad Axe
MI,Owosso
MI,Royal Oak
MI,Flint
MI,Gaylord
MI,Flint
MI,Wayne
MI,Ypsilanti
MI,Wyandotte
MI,Farmington Hills
MI,Ann Arbor
MI,Detroit
MI,Lansing
MI,Grand Haven
MI,Trenton
MI,Clare
MI,Lapeer
MI,Warren
MI,Grand Blanc
MI,Pontiac
MI,Carson City
MI,Port Huron
MI,Marshall
MI,Midland
MI,Mount Clemens
MI,Lansing
MI,Wyoming
MI,Sault Sainte Marie
MI,East China
MI,Garden City
MI,Rochester
MI,Chelsea
MI,Warren
MI,Troy
MI,Taylor
MI,Detroit
MI,Saginaw
MI,Commerce Township
MI,Brighton
MI,Detroit
MI,Southfield
MI,West Bloomfield
MI,Manistee
MI,Frankfort
MI,Kalkaska
MI,Manistique
MI,Newberry
MI,Standish
MI,Saint Ignace
MI,L' Anse
MI,Munising
MI,Ontonagon
MI,Pigeon
MI,Deckerville
MI,Sheridan
MI,Harbor Beach
MI,Sandusky
MI,Dowagiac
MI,Cass City
MI,Lakeview
MI,Iron River
MI,Laurium
MI,Shelby
MI,Ishpeming
MI,Charlevoix
MI,Reed City
MI,Eaton Rapids
MI,Gladwin
MI,Saint Johns
MI,Charlotte
MI,Allegan
MI,Caro
MI,Marlette
MI,Ionia
MI,Paw Paw
MI,Ironwood
MI,Tecumseh
MI,Escanaba
MI,Fremont
MI,Detroit
MN,Robbinsdale
MN,Duluth
MN,Minneapolis
MN,Rochester
MN,Rochester
MN,Northfield
MN,Red Wing
MN,Duluth
MN,Cambridge
MN,Worthington
MN,Alexandria
MN,Saint Cloud
MN,Saint Paul
MN,Hibbing
MN,Albert Lea
MN,Winona
MN,Duluth
MN,Wyoming
MN,Fergus Falls
MN,Saint Louis Park
MN,Waconia
MN,Minneapolis
MN,Hastings
MN,Saint Paul
MN,Grand Rapids
MN,Stillwater
MN,Owatonna
MN,Faribault
MN,Brainerd
MN,Buffalo
MN,Edina
MN,Minneapolis
MN,Virginia
MN,Willmar
MN,Mankato
MN,Bemidji
MN,Detroit Lakes
MN,Shakopee
MN,Saint Paul
MN,Coon Rapids
MN,Princeton
MN,Fairmont
MN,Hutchinson
MN,Minneapolis
MN,Redlake
MN,Burnsville
MN,Maplewood
MN,Woodbury
MN,Maple Grove
MN,Mahnomen
MN,Baudette
MN,Westbrook
MN,Tracy
MN,Wheaton
MN,Aitkin
MN,Olivia
MN,Two Harbors
MN,Sandstone
MN,Arlington
MN,Cook
MN,Ada
MN,Dawson
MN,Jackson
MN,Bigfork
MN,Grand Marais
MN,Ely
MN,Slayton
MN,Crookston
MN,Graceville
MN,International Falls
MN,Madelia
MN,Montevideo
MN,Long Prairie
MN,Sleepy Eye
MN,Bagley
MN,Staples
MN,Melrose
MN,Windom
MN,St James
MN,St Peter
MN,Wabasha
MN,Hallock
MN,Warren
MN,Lake City
MN,Hendricks
MN,Aurora
MN,Appleton
MN,Ortonville
MN,Granite Falls
MN,Roseau
MN,Waseca
MN,Cannon Falls
MN,Canby
MN,Tyler
MN,Paynesville
MN,Moose Lake
MN,Redwood Falls
MN,Springfield
MN,Crosby
MN,Wadena
MN,Glencoe
MN,Onamia
MN,Fosston
MN,Cass Lake
MN,Marshall
MN,Deer River
MN,New Prague
MN,Monticello
MN,Morris
MN,Cloquet
MN,Benson
MN,Litchfield
MN,Mora
MN,Sauk Centre
MN,Blue Earth
MN,Little Falls
MN,Luverne
MN,Madison
MN,Perham
MN,Pipestone
MN,Le Sueur
MN,Glenwood
MN,Breckenridge
MN,New Ulm
MN,Elbow Lake
MN,Park Rapids
MN,Thief River Falls
MN,Saint Paul
MN,Minneapolis
MN,Minneapolis
MS,Jackson
MS,Iuka
MS,Tupelo
MS,New Albany
MS,Biloxi
MS,Corinth
MS,Holly Springs
MS,Houston
MS,Bay Springs
MS,Gulfport
MS,Eupora
MS,Amory
MS,Louisville
MS,Vicksburg
MS,Oxford
MS,Lucedale
MS,Canton
MS,Pascagoula
MS,Clarksdale
MS,Philadelphia
MS,Booneville
MS,Jackson
MS,Magnolia
MS,Starkville
MS,Brookhaven
MS,Laurel
MS,Fayette
MS,Water Valley
MS,West Point
MS,Meridian
MS,Jackson
MS,Waynesboro
MS,Hattiesburg
MS,Rolling Fork
MS,Meridian
MS,Greenville
MS,Natchez
MS,Columbia
MS,Cleveland
MS,Hattiesburg
MS,Indianola
MS,Brandon
MS,Mccomb
MS,Greenwood
MS,Columbus
MS,Jackson
MS,Meridian
MS,Picayune
MS,Gulfport
MS,Magee
MS,Senatobia
MS,Philadelphia
MS,Batesville
MS,Whitfield
MS,Flowood
MS,Flowood
MS,Southaven
MS,Meridian
MS,Jackson
MS,Bay Saint Louis
MS,Raleigh
MS,Olive Branch
MS,Grenada
MS,Forest
MS,Aberdeen
MS,Wiggins
MS,Charleston
MS,Monticello
MS,Richton
MS,Macon
MS,Pontotoc
MS,Centreville
MS,Winona
MS,Yazoo City
MS,Marks
MS,Carthage
MS,Quitman
MS,Mendenhall
MS,Ruleville
MS,Lexington
MS,Port Gibson
MS,Union
MS,Morton
MS,Tylertown
MS,Collins
MS,Prentiss
MS,Hazlehurst
MS,Leakesville
MS,Meadville
MS,Calhoun City
MS,Poplarville
MS,Ackerman
MS,De Kalb
MS,Kosciusko
MS,Ripley
MO,Joplin
MO,Boonville
MO,Saint Charles
MO,Saint Joseph
MO,Sedalia
MO,Jefferson City
MO,Rolla
MO,Saint Louis
MO,Kirksville
MO,Festus
MO,Houston
MO,Hannibal
MO,Kansas City
MO,Saint Louis
MO,Butler
MO,Springfield
MO,Jefferson City
MO,Kansas City
MO,Maryville
MO,Washington
MO,Cameron
MO,Lebanon
MO,Nevada
MO,Kansas City
MO,Mexico
MO,Springfield
MO,Columbia
MO,Hayti
MO,Moberly
MO,Saint Louis
MO,West Plains
MO,Doniphan
MO,Fenton
MO,Kansas City
MO,Richmond Heights
MO,Branson
MO,Independence
MO,North Kansas City
MO,Warrensburg
MO,Kansas City
MO,Bridgeton
MO,Saint Louis
MO,Town And Country
MO,Cape Girardeau
MO,Sikeston
MO,Poplar Bluff
MO,Joplin
MO,Kansas City
MO,Columbia
MO,Marshall
MO,Dexter
MO,Creve Coeur
MO,Farmington
MO,Clinton
MO,Saint Louis
MO,Liberty
MO,Chesterfield
MO,Saint Louis
MO,Cape Girardeau
MO,Osage Beach
MO,Lees Summit
MO,Saint Peters
MO,Blue Springs
MO,Bolivar
MO,Lake Saint Louis
MO,Fulton
MO,Saint Louis
MO,Belton
MO,Lees Summit
MO,O Fallon
MO,Poplar Bluff
MO,Appleton City
MO,Fredericktown
MO,Fairfax
MO,Unionville
MO,Milan
MO,Brookfield
MO,Potosi
MO,Trenton
MO,Memphis
MO,Perryville
MO,Bethany
MO,Macon
MO,Hermann
MO,Bonne Terre
MO,Aurora
MO,Cassville
MO,Salem
MO,Troy
MO,Lexington
MO,Chillicothe
MO,Excelsior Springs
MO,El Dorado Springs
MO,Harrisonville
MO,Lamar
MO,Richmond
MO,Albany
MO,Monett
MO,Sainte Genevieve
MO,Neosho
MO,Carrollton
MO,Louisiana
MO,Sweet Springs
MO,Mountain View
MO,Pilot Knob
MO,Sullivan
MO,Carthage
MO,Saint Louis
MO,Kansas City
MO,Maryland Heights
MO,Saint Louis
MT,Helena
MT,Billings
MT,Great Falls
MT,Missoula
MT,Butte
MT,Missoula
MT,Havre
MT,Billings
MT,Kalispell
MT,Bozeman
MT,Browning
MT,Great Falls
MT,Kalispell
MT,Big Sky
MT,Poplar
MT,Baker
MT,Ekalaka
MT,Philipsburg
MT,Fort Benton
MT,Circle
MT,White Sulphur Spring
MT,Choteau
MT,Culbertson
MT,Terry
MT,Jordan
MT,Big Sandy
MT,Malta
MT,Big Timber
MT,Deer Lodge
MT,Harlem
MT,Glasgow
MT,Livingston
MT,Dillon
MT,Sheridan
MT,Libby
MT,Harlowton
MT,Plentywood
MT,Plains
MT,Conrad
MT,Ronan
MT,Red Lodge
MT,Forsyth
MT,Shelby
MT,Ennis
MT,Columbus
MT,Superior
MT,Glendive
MT,Townsend
MT,Chester
MT,Anaconda
MT,Whitefish
MT,Cut Bank
MT,Hardin
MT,Crow Agency
MT,Hamilton
MT,Wolf Point
MT,Scobey
MT,Polson
MT,Sidney
MT,Lewistown
MT,Roundup
MT,Miles City
NE,Lincoln
NE,Kearney
NE,Omaha
NE,Lincoln
NE,Grand Island
NE,Hastings
NE,Omaha
NE,Omaha
NE,Scottsbluff
NE,North Platte
NE,Fremont
NE,Omaha
NE,Papillion
NE,Columbus
NE,Norfolk
NE,Lincoln
NE,Lincoln
NE,Omaha
NE,Omaha
NE,Omaha
NE,Bellevue
NE,Omaha
NE,Kearney
NE,Alma
NE,Geneva
NE,Pawnee City
NE,Lynch
NE,Hebron
NE,Kimball
NE,Minden
NE,Wahoo
NE,Henderson
NE,Syracuse
NE,Oshkosh
NE,Franklin
NE,Genoa
NE,Gothenburg
NE,Osceola
NE,Superior
NE,Red Cloud
NE,Bridgeport
NE,Fairbury
NE,Aurora
NE,Oakland
NE,West Point
NE,Schuyler
NE,Auburn
NE,Ainsworth
NE,Neligh
NE,Cozad
NE,Central City
NE,O' Neill
NE,Friend
NE,Creighton
NE,David City
NE,Bassett
NE,Albion
NE,Callaway
NE,York
NE,St Paul
NE,Seward
NE,Benkelman
NE,Chadron
NE,Nebraska City
NE,Atkinson
NE,Valentine
NE,Wayne
NE,Plainview
NE,Osmond
NE,Cambridge
NE,Pender
NE,Tecumseh
NE,Imperial
NE,Falls City
NE,Ord
NE,Crete
NE,Ogallala
NE,Grant
NE,Sidney
NE,Gordon
NE,Blair
NE,Alliance
NE,Lexington
NE,Holdrege
NE,Mccook
NE,Beatrice
NE,Broken Bow
NE,Omaha
NE,Omaha
NV,Reno
NV,Las Vegas
NV,North Las Vegas
NV,Las Vegas
NV,Elko
NV,Reno
NV,Henderson
NV,Carson City
NV,Las Vegas
NV,Las Vegas
NV,Sparks
NV,Las Vegas
NV,Las Vegas
NV,Las Vegas
NV,Henderson
NV,Las Vegas
NV,Las Vegas
NV,Reno
NV,Las Vegas
NV,Las Vegas
NV,Las Vegas
NV,Henderson
NV,Hawthorne
NV,Incline Village
NV,Ely
NV,Batte Mtn
NV,Lovelock
NV,Gardnerville
NV,Mesquite
NV,Winnemucca
NV,Boulder City
NV,Pahrump
NV,Caliente
NV,Fallon
NV,Yerington
NH,Concord
NH,Lebanon
NH,Laconia
NH,Nashua
NH,Manchester
NH,Rochester
NH,Derry
NH,Dover
NH,Keene
NH,Nashua
NH,Exeter
NH,Portsmouth
NH,Manchester
NH,Colebrook
NH,Woodsville
NH,Littleton
NH,Lancaster
NH,New London
NH,Lebanon
NH,Franklin
NH,North Conway
NH,Claremont
NH,Peterborough
NH,Berlin
NH,Plymouth
NH,Wolfeboro
NJ,Hackensack
NJ,Newark
NJ,North Bergen
NJ,Flemington
NJ,Passaic
NJ,Teaneck
NJ,Belleville
NJ,Plainsboro
NJ,Cape May Court House
NJ,Ridgewood
NJ,Camden
NJ,Morristown
NJ,Jersey City
NJ,Pompton Plains
NJ,Paterson
NJ,Trenton
NJ,Voorhees
NJ,Rahway
NJ,Bayonne
NJ,Elizabeth
NJ,Newton
NJ,Camden
NJ,Browns Mills
NJ,Vineland
NJ,Red Bank
NJ,New Brunswick
NJ,Perth Amboy
NJ,Hoboken
NJ,Toms River
NJ,Pennington
NJ,Englewood
NJ,Somers Point
NJ,Somerville
NJ,Denville
NJ,Summit
NJ,Brick
NJ,Montclair
NJ,Mount Holly
NJ,Paramus
NJ,Phillipsburg
NJ,Willingboro
NJ,Atlantic City
NJ,Elmer
NJ,New Brunswick
NJ,Neptune
NJ,Jersey City
NJ,Long Branch
NJ,Livingston
NJ,Woodbury
NJ,East Orange
NJ,Lakewood
NJ,Stratford
NJ,Salem
NJ,Trenton
NJ,Newark
NJ,Edison
NJ,Hamilton
NJ,Freehold
NJ,Holmdel
NJ,Manahawkin
NJ,Hackettstown
NJ,Secaucus
NJ,Newark
NJ,Westwood
NJ,New Brunswick
NJ,Marlton
NM,Albuquerque
NM,Santa Fe
NM,Las Vegas
NM,Alamogordo
NM,Farmington
NM,Roswell
NM,Albuquerque
NM,Espanola
NM,Silver City
NM,Albuquerque
NM,Las Cruces
NM,Albuquerque
NM,Clovis
NM,Artesia
NM,Los Alamos
NM,Gallup
NM,Santa Fe
NM,Mescalero
NM,Shiprock
NM,Zuni
NM,Gallup
NM,Crownpoint
NM,Carlsbad
NM,Hobbs
NM,Santa Rosa
NM,San Fidel
NM,Albuquerque
NM,Portales
NM,Las Cruces
NM,Roswell
NM,Rio Rancho
NM,T Or C
NM,Socorro
NM,Tucumcari
NM,Clayton
NM,Lovington
NM,Ruidoso
NM,Raton
NM,Grants
NM,Deming
NM,Taos
NY,Albany
NY,Kingston
NY,Buffalo
NY,Yonkers
NY,Warsaw
NY,Bronx
NY,Binghamton
NY,Albany
NY,Jamaica
NY,Brooklyn
NY,Poughkeepsie
NY,New York
NY,East Meadow
NY,Staten Island
NY,Newark
NY,Norwich
NY,Bay Shore
NY,Utica
NY,Huntington
NY,New York
NY,Amsterdam
NY,Rhinebeck
NY,Flushing
NY,Brooklyn
NY,Albany
NY,Geneva
NY,Bronx
NY,Niagara Falls
NY,Batavia
NY,Canandaigua
NY,Buffalo
NY,Saranac Lake
NY,Bronx
NY,Malone
NY,Oneonta
NY,Mount Vernon
NY,Greenport
NY,Elmira
NY,Hudson
NY,Wellsville
NY,New York
NY,New York
NY,Kenmore
NY,Olean
NY,Nyack
NY,Manhasset
NY,Riverhead
NY,Elmira
NY,Springville
NY,Oneida
NY,New York
NY,Rochester
NY,Middletown
NY,Bronx
NY,Elmhurst
NY,Irving
NY,Port Jervis
NY,Cooperstown
NY,Syracuse
NY,Patchogue
NY,Bath
NY,Hornell
NY,Schenectady
NY,Watertown
NY,Suffern
NY,Staten Island
NY,Mount Kisco
NY,Lockport
NY,Rochester
NY,Westfield
NY,Mineola
NY,New York
NY,Cortland
NY,Troy
NY,Glen Cove
NY,Roslyn
NY,New Rochelle
NY,Port Jefferson
NY,Lewiston
NY,Glens Falls
NY,Flushing
NY,Brooklyn
NY,New Hyde Park
NY,Brooklyn
NY,Potsdam
NY,Oceanside
NY,New York
NY,Brooklyn
NY,Brooklyn
NY,Syracuse
NY,New York
NY,Warwick
NY,Yonkers
NY,Ogdensburg
NY,New York
NY,Rome
NY,Oswego
NY,Buffalo
NY,Brooklyn
NY,Saratoga Springs
NY,Massena
NY,Kingston
NY,Rochester
NY,Dunkirk
NY,Jamaica
NY,Troy
NY,Brooklyn
NY,Valhalla
NY,Auburn
NY,Brooklyn
NY,Dansville
NY,Jamestown
NY,New York
NY,Syracuse
NY,Utica
NY,Port Jefferson
NY,Plattsburgh
NY,Rockville Centre
NY,Sleepy Hollow
NY,Newburgh
NY,Clifton Springs
NY,Cortlandt Manor
NY,Cobleskill
NY,New York
NY,Carmel
NY,Gloversville
NY,Corning
NY,Buffalo
NY,Rochester
NY,West Islip
NY,White Plains
NY,Ithaca
NY,Plainview
NY,Bethpage
NY,Brooklyn
NY,Bronx
NY,Harris
NY,New York
NY,Stony Brook
NY,Binghamton
NY,Far Rockaway
NY,Brooklyn
NY,Brooklyn
NY,Bronx
NY,Smithtown
NY,Rochester
NY,West Haverstraw
NY,Schenectady
NY,Sidney
NY,Troy
NY,Cuba
NY,Elizabethtown
NY,Callicoon
NY,Margaretville
NY,Delhi
NY,Star Lake
NY,Alexandria Bay
NY,Ellenville
NY,Little Falls
NY,Walton
NY,Montour Falls
NY,Penn Yan
NY,Gouverneur
NY,Hamilton
NY,Lowville
NY,Carthage
NY,Medina
NY,Valhalla
NC,Concord
NC,Asheville
NC,Mount Airy
NC,High Point
NC,Laurinburg
NC,Goldsboro
NC,Rutherfordton
NC,Winston-salem
NC,Salisbury
NC,Sylva
NC,Hendersonville
NC,Sanford
NC,Shelby
NC,Hendersonville
NC,Clinton
NC,Kinston
NC,Fayetteville
NC,Durham
NC,Gastonia
NC,Kings Mountain
NC,Statesville
NC,Greenville
NC,Lenoir
NC,Jacksonville
NC,Winston-salem
NC,Durham
NC,Lumberton
NC,Boone
NC,Charlotte
NC,Eden
NC,Chapel Hill
NC,North Wilkesboro
NC,Whiteville
NC,Raleigh
NC,Burlington
NC,Dunn
NC,Raleigh
NC,Morganton
NC,Wadesboro
NC,Thomasville
NC,Marion
NC,Smithfield
NC,Greensboro
NC,Lexington
NC,Elkin
NC,Charlotte
NC,Ahoskie
NC,Tarboro
NC,Elizabeth City
NC,Charlotte
NC,Raleigh
NC,Pinehurst
NC,Hickory
NC,Albemarle
NC,Kenansville
NC,Asheboro
NC,Wilson
NC,Oxford
NC,Mooresville
NC,Monroe
NC,New Bern
NC,Henderson
NC,Williamston
NC,Wilmington
NC,Morehead City
NC,Hickory
NC,Statesville
NC,Lincolnton
NC,Rocky Mount
NC,Winston-salem
NC,Roanoke Rapids
NC,Durham
NC,Cherokee
NC,Supply
NC,Roxboro
NC,Charlotte
NC,Wilmington
NC,Matthews
NC,Cary
NC,Huntersville
NC,Clyde
NC,Washington
NC,Mocksville
NC,Raeford
NC,Scotland Neck
NC,Troy
NC,Windsor
NC,Bryson City
NC,Burgaw
NC,Siler City
NC,Plymouth
NC,Elizabethtown
NC,Highlands
NC,Danbury
NC,Edenton
NC,Brevard
NC,Sparta
NC,Columbus
NC,Linville
NC,Nags Head
NC,Jefferson
NC,Franklin
NC,Southport
NC,Murphy
NC,Spruce Pine
ND,Bismarck
ND,Minot
ND,Fargo
ND,Bismarck
ND,Grand Forks
ND,Belcourt
ND,Fort Yates
ND,Fargo
ND,Tioga
ND,Stanley
ND,Watford City
ND,Garrison
ND,Turtle Lake
ND,Kenmare
ND,Cooperstown
ND,Bottineau
ND,Mcville
ND,Mayville
ND,Hazen
ND,Lisbon
ND,Northwood
ND,Bowman
ND,Elgin
ND,Oakes
ND,Rolla
ND,Carrington
ND,Cavalier
ND,Grafton
ND,Wishek
ND,Ashley
ND,Langdon
ND,Valley City
ND,Crosby
ND,Park River
ND,Harvey
ND,Linton
ND,Hillsboro
ND,Hettinger
ND,Cando
ND,Rugby
ND,Devils Lake
ND,Williston
ND,Jamestown
ND,Dickinson
OH,Cincinnati
OH,Ashland
OH,Cincinnati
OH,Columbus
OH,Portsmouth
OH,Lima
OH,Dover
OH,Marion
OH,Westerville
OH,Sidney
OH,Athens
OH,Cincinnati
OH,Columbus
OH,Akron
OH,Sandusky
OH,Xenia
OH,Akron
OH,Bowling Green
OH,Saint Marys
OH,Columbus
OH,Wooster
OH,Cleveland
OH,Zanesville
OH,Mount Vernon
OH,Parma
OH,Greenville
OH,Oxford
OH,Toledo
OH,Dayton
OH,Dayton
OH,Gallipolis
OH,Warren
OH,Fairfield
OH,Coldwater
OH,Cleveland
OH,Youngstown
OH,Norwalk
OH,Lima
OH,Toledo
OH,Canton
OH,Van Wert
OH,Lancaster
OH,Sylvania
OH,Richmond Heights
OH,Franklin
OH,Cleveland
OH,Ravenna
OH,Kettering
OH,Martins Ferry
OH,Oregon
OH,Euclid
OH,Canton
OH,Columbus
OH,Springfield
OH,Cleveland
OH,Tiffin
OH,Maumee
OH,Medina
OH,Marysville
OH,Findlay
OH,East Liverpool
OH,Concord
OH,Bellevue
OH,Coshocton
OH,Toledo
OH,Mansfield
OH,Bryan
OH,Westlake
OH,Ashtabula
OH,Alliance
OH,Hamilton
OH,Dayton
OH,Cincinnati
OH,Cleveland
OH,Youngstown
OH,Garfield Heights
OH,Warrensville Heights
OH,Elyria
OH,Marietta
OH,Millersburg
OH,Cuyahoga Falls
OH,Columbus
OH,Bellaire
OH,Middleburg Heights
OH,Fremont
OH,Chillicothe
OH,Warren
OH,Cincinnati
OH,Circleville
OH,Lorain
OH,Troy
OH,Wilmington
OH,Cincinnati
OH,Cleveland
OH,Salem
OH,London
OH,Chardon
OH,Bellefontaine
OH,Cambridge
OH,Delaware
OH,Steubenville
OH,Newark
OH,Mayfield Heights
OH,Cincinnati
OH,Batavia
OH,Miamisburg
OH,Rock Creek
OH,Columbus
OH,Oregon
OH,Proctorville
OH,Toledo
OH,Lima
OH,New Albany
OH,Defiance
OH,Dayton
OH,Boardman
OH,Dublin
OH,Akron
OH,Youngstown
OH,West Chester
OH,Springfield
OH,Canal Winchester
OH,Beachwood
OH,Beaver Creek
OH,Portsmouth
OH,Cincinnati
OH,Avon
OH,Ontario
OH,Paulding
OH,Hicksville
OH,Dennison
OH,Lodi
OH,Greenfield
OH,Oberlin
OH,Geneva
OH,Conneaut
OH,Napoleon
OH,Willard
OH,Cadiz
OH,Urbana
OH,Mount Gilead
OH,Port Clinton
OH,Kenton
OH,Bucyrus
OH,Fostoria
OH,Marietta
OH,Jackson
OH,Barnesville
OH,Bluffton
OH,Orrville
OH,Shelby
OH,Galion
OH,Seaman
OH,Montpelier
OH,Defiance
OH,Upper Sandusky
OH,Logan
OH,Washington Ch
OH,Hillsboro
OH,Wauseon
OH,Waverly
OH,Cincinnati
OH,Cleveland
OH,Akron
OH,Cleveland
OH,Columbus
OH,Dayton
OH,Cincinnati
OK,Tulsa
OK,Woodward
OK,Miami
OK,Ponca City
OK,Norman
OK,El Reno
OK,Oklahoma City
OK,Durant
OK,Pryor
OK,Enid
OK,Bartlesville
OK,Elk City
OK,Ada
OK,Altus
OK,Duncan
OK,Muskogee
OK,Enid
OK,Oklahoma City
OK,Clinton
OK,Blackwell
OK,Oklahoma City
OK,Mcalester
OK,Oklahoma City
OK,Claremore
OK,Bristow
OK,Ardmore
OK,Idabel
OK,Stillwater
OK,Chickasha
OK,Lawton
OK,Okmulgee
OK,Wilburton
OK,Tulsa
OK,Antlers
OK,Tahlequah
OK,Tulsa
OK,Oklahoma City
OK,Midwest City
OK,Lawton
OK,Cushing
OK,Hugo
OK,Oklahoma City
OK,Sallisaw
OK,Grove
OK,Tulsa
OK,Perry
OK,Shawnee
OK,Hobart
OK,Pauls Valley
OK,Purcell
OK,Wagoner
OK,Lawton
OK,Tahlequah
OK,Talihina
OK,Claremore
OK,Stilwell
OK,Ada
OK,Henryetta
OK,Tulsa
OK,Oklahoma City
OK,Oklahoma City
OK,Oklahoma City
OK,Tulsa
OK,Oklahoma City
OK,Oklahoma City
OK,Tulsa
OK,Yukon
OK,Oklahoma City
OK,Lindsay
OK,Oklahoma City
OK,Tulsa
OK,Tulsa
OK,Oklahoma City
OK,Oklahoma City
OK,Edmond
OK,Owasso
OK,Owasso
OK,Seminole
OK,Tulsa
OK,Oklahoma City
OK,Broken Arrow
OK,Edmond
OK,Vinita
OK,Atoka
OK,Prague
OK,Watonga
OK,Cheyenne
OK,Tishomingo
OK,Nowata
OK,Marietta
OK,Boise City
OK,Pawhuska
OK,Healdton
OK,Waurika
OK,Sapulpa
OK,Kingfisher
OK,Anadarko
OK,Stroud
OK,Guthrie
OK,Fairfax
OK,Coalgate
OK,Cleveland
OK,Holdenville
OK,Beaver
OK,Weatherford
OK,Buffalo
OK,Cordell
OK,Madill
OK,Okeene
OK,Sulphur
OK,Fairview
OK,Mangum
OK,Drumright
OK,Seiling
OK,Okemah
OK,Carnegie
OK,Stigler
OK,Shattuck
OK,Poteau
OK,Hollis
OK,Guymon
OK,Alva
OK,Norman
OR,The Dalles
OR,Grants Pass
OR,Portland
OR,Ashland
OR,Portland
OR,Portland
OR,Corvallis
OR,Portland
OR,Medford
OR,Springfield
OR,Hillsboro
OR,Albany
OR,Gresham
OR,Roseburg
OR,Silverton
OR,Eugene
OR,Newberg
OR,Oregon City
OR,Redmond
OR,Bend
OR,Klamath Falls
OR,Salem
OR,Ontario
OR,Stayton
OR,Portland
OR,Portland
OR,Mcminnville
OR,Medford
OR,Milwaukie
OR,Tualatin
OR,Coos Bay
OR,Clackamas
OR,Springfield
OR,Hillsboro
OR,Cottage Grove
OR,Lincoln City
OR,Seaside
OR,Bandon
OR,John Day
OR,Enterprise
OR,Burns
OR,Dallas
OR,Lakeview
OR,Heppner
OR,Reedsport
OR,Coquille
OR,Prineville
OR,Newport
OR,Baker City
OR,Florence
OR,Tillamook
OR,Hood River
OR,Pendleton
OR,Astoria
OR,La Grande
OR,Gold Beach
OR,Lebanon
OR,Madras
OR,Hermiston
OR,Portland
PA,Scranton
PA,Mc Keesport
PA,Bloomsburg
PA,Camp Hill
PA,Danville
PA,Ellwood City
PA,Erie
PA,Lansdale
PA,Lewisburg
PA,New Castle
PA,Palmerton
PA,Philadelphia
PA,Philadelphia
PA,Philadelphia
PA,Pittsburgh
PA,Pottsville
PA,Natrona
PA,Quakertown
PA,Beaver
PA,Sewickley
PA,Somerset
PA,Uniontown
PA,Washington
PA,Reading
PA,Williamsport
PA,York
PA,Lewistown
PA,Bethlehem
PA,Pittsburgh
PA,Clearfield
PA,Huntingdon
PA,Sellersville
PA,Carlisle
PA,Lancaster
PA,Roaring Spring
PA,Erie
PA,Gettysburg
PA,Lebanon
PA,Harrisburg
PA,Lititz
PA,Bristol
PA,Lock Haven
PA,Berwick
PA,Altoona
PA,Coatesville
PA,Sayre
PA,Philadelphia
PA,Drexel Hill
PA,Sunbury
PA,Dubois
PA,Pittsburgh
PA,Seneca
PA,Clarion
PA,Reading
PA,Meadowbrook
PA,Lancaster
PA,York
PA,Pittsburgh
PA,Kane
PA,Pittsburgh
PA,Johnstown
PA,Philadelphia
PA,Windber
PA,Meadville
PA,Pittsburgh
PA,Philadelphia
PA,Norristown
PA,Everett
PA,Bradford
PA,Scranton
PA,Pottstown
PA,Honesdale
PA,Phoenixville
PA,Hastings
PA,Allentown
PA,Wilkes-barre
PA,Waynesboro
PA,Bryn Mawr
PA,Philadelphia
PA,Greensburg
PA,Warren
PA,Monongahela
PA,Waynesburg
PA,Chambersburg
PA,Paoli
PA,Darby
PA,Mckees Rocks
PA,Canonsburg
PA,Easton
PA,Kittanning
PA,Pittsburgh
PA,Butler
PA,Indiana
PA,Philadelphia
PA,Greenville
PA,West Chester
PA,Upland
PA,Coaldale
PA,Connellsville
PA,Hazleton
PA,Tunkhannock
PA,Lehighton
PA,Wynnewood
PA,Allentown
PA,Erie
PA,Punxsutawney
PA,East Stroudsburg
PA,Doylestown
PA,Philadelphia
PA,Sharon
PA,Mount Pleasant
PA,Latrobe
PA,West Grove
PA,Media
PA,Philadelphia
PA,Ephrata
PA,Philadelphia
PA,Pittsburgh
PA,Abington
PA,Hanover
PA,Towanda
PA,Scranton
PA,Hershey
PA,Langhorne
PA,Bethlehem
PA,Jefferson Hills
PA,Grove City
PA,Monroeville
PA,State College
PA,Wilkes Barre
PA,Norristown
PA,Eagleville
PA,Philadelphia
PA,Langhorne
PA,Philadelphia
PA,Transfer
PA,Philadelphia
PA,Bethlehem
PA,Wyomissing
PA,Allentown
PA,Bensalem
PA,Washington
PA,Royersford
PA,York
PA,Easton
PA,York
PA,Monroeville
PA,East Norriton
PA,Stroudsburg
PA,Philadelphia
PA,Jersey Shore
PA,Muncy
PA,Meyersdale
PA,Mcconnellsburg
PA,Renovo
PA,Troy
PA,Montrose
PA,Tyrone
PA,Corry
PA,Susquehanna
PA,Brookville
PA,Coudersport
PA,Titusville
PA,Saint Marys
PA,Wellsboro
PA,Pittsburgh
PA,Philadelphia
PA,Pittsburgh
PA,Philadelphia
PA,Pittsburgh
PA,Philadelphia
PR,San Juan
PR,Ponce
PR,San Juan
PR,Humacao
PR,Fernandez Juncos
PR,Humacao
PR,Castaner
PR,Humacao
PR,San Juan
PR,Cayey
PR,Mayaguez
PR,Rio Piedras
PR,Hato Rey
PR,Aibonito
PR,Fernandez Juncos
PR,San German
PR,Ponce
PR,Bayamon
PR,Ponce
PR,Guayama
PR,Rio Piedras
PR,Aguadilla
PR,Arecibo
PR,San Juan
PR,Bayamon
PR,Mayaguez
PR,Caguas
PR,Bayamon
PR,San Juan
PR,Bayamon
PR,Yauco
PR,Moca
PR,Carolina
PR,Coto Laurel
PR,Manati
PR,Vega Baja
PR,Arecibo
PR,Manati
PR,Caguas
PR,Alt De Santa
PR,Mayaguez
PR,Rio Piedras
PR,Fajardo
PR,San German
PR,San Juan
PR,Hato Rey
PR,Bda Nueva
PR,Fajardo
PR,Carolina
PR,San Juan
PR,San Juan
PR,San Juan
RI,Providence
RI,North Providence
RI,Newport
RI,Providence
RI,Wakefield
RI,Warwick
RI,Providence
RI,Woonsocket
RI,Providence
RI,Westerly
SC,Rock Hill
SC,Charleston
SC,Dillon
SC,Spartanburg
SC,Seneca
SC,Hartsville
SC,Pickens
SC,Easley
SC,Columbia
SC,Chester
SC,Georgetown
SC,Greenville
SC,Columbia
SC,Anderson
SC,Walterboro
SC,Greer
SC,Lancaster
SC,Simpsonville
SC,Clinton
SC,Gaffney
SC,Camden
SC,Conway
SC,Florence
SC,Newberry
SC,Mullins
SC,Darlington
SC,Charleston
SC,Lake City
SC,Beaufort
SC,Orangeburg
SC,Sumter
SC,Greenwood
SC,Varnville
SC,West Columbia
SC,Greenville
SC,Charleston
SC,Hilton Head Island
SC,Aiken
SC,Spartanburg
SC,Myrtle Beach
SC,Columbia
SC,Charleston
SC,Mount Pleasant
SC,Florence
SC,Murrells Inlet
SC,Hardeeville
SC,Greenville
SC,Greer
SC,Mount Pleasant
SC,Loris
SC,Columbia
SC,Cheraw
SC,Union
SC,Manning
SC,Fairfax
SC,Abbeville
SC,Winnsboro
SC,Kingstree
SC,Edgefield
SC,Greenville
SD,Watertown
SD,Brookings
SD,Yankton
SD,Mitchell
SD,Aberdeen
SD,Pierre
SD,Sioux Falls
SD,Sioux Falls
SD,Spearfish
SD,Rapid City
SD,Rapid City
SD,Eagle Butte
SD,Rosebud
SD,Dakota Dunes
SD,Sioux Falls
SD,Rapid City
SD,Rapid City
SD,Sioux Falls
SD,Aberdeen
SD,Madison
SD,Faulkton
SD,Gettysburg
SD,Armour
SD,Platte
SD,Clear Lake
SD,Eureka
SD,Burke
SD,Flandreau
SD,Webster
SD,Britton
SD,Freeman
SD,Martin
SD,Wagner
SD,Redfield
SD,Scotland
SD,Bowdle
SD,Philip
SD,Deadwood
SD,Sturgis
SD,Hot Springs
SD,Custer
SD,Wessington Springs
SD,Mobridge
SD,Milbank
SD,Tyndall
SD,Viborg
SD,Chamberlain
SD,Parkston
SD,Dell Rapids
SD,De Smet
SD,Canton
SD,Winner
SD,Huron
SD,Vermillion
SD,Miller
SD,Gregory
SD,Sisseton
SD,Sioux Falls
TN,Erwin
TN,Jackson
TN,Gallatin
TN,Nashville
TN,Manchester
TN,Lexington
TN,Crossville
TN,Waynesboro
TN,Maryville
TN,Bristol
TN,Knoxville
TN,Huntingdon
TN,Kingsport
TN,Elizabethton
TN,Pulaski
TN,Greeneville
TN,Franklin
TN,Morristown
TN,Harriman
TN,Rogersville
TN,La Follette
TN,Oak Ridge
TN,Clarksville
TN,Nashville
TN,Linden
TN,Dickson
TN,Memphis
TN,Memphis
TN,Greeneville
TN,Murfreesboro
TN,Jefferson City
TN,Tazewell
TN,Winchester
TN,Cookeville
TN,Milan
TN,Martin
TN,Johnson City
TN,Springfield
TN,Morristown
TN,Athens
TN,Parsons
TN,Dyersburg
TN,Columbia
TN,Sevierville
TN,Nashville
TN,Jamestown
TN,Sweetwater
TN,Chattanooga
TN,Fayetteville
TN,Chattanooga
TN,Savannah
TN,Lenoir City
TN,Nashville
TN,Knoxville
TN,Knoxville
TN,Union City
TN,Covington
TN,Paris
TN,Nashville
TN,Shelbyville
TN,Tullahoma
TN,Smithville
TN,Hermitage
TN,Mc Minnville
TN,Memphis
TN,Newport
TN,Chattanooga
TN,Memphis
TN,Nashville
TN,Knoxville
TN,Lawrenceburg
TN,Kingsport
TN,Jellico
TN,Mc Kenzie
TN,Memphis
TN,Johnson City
TN,Cleveland
TN,Livingston
TN,Sparta
TN,Lebanon
TN,Hendersonville
TN,Nashville
TN,Woodbury
TN,Nashville
TN,Smyrna
TN,Bartlett
TN,Murfreesboro
TN,Oneida
TN,Centerville
TN,Hartsville
TN,Waverly
TN,Mountain City
TN,Lafayette
TN,Pikeville
TN,Carthage
TN,Lewisburg
TN,Dayton
TN,Ashland City
TN,Sneedville
TN,Ripley
TN,Camden
TN,Celina
TN,Erin
TN,Memphis
TN,Knoxville
TX,El Paso
TX,Kerrville
TX,Wichita Falls
TX,Bryan
TX,Dallas
TX,Galveston
TX,Dallas
TX,Victoria
TX,El Paso
TX,Brownsville
TX,Laredo
TX,Marshall
TX,Harlingen
TX,Beaumont
TX,Houston
TX,Fort Worth
TX,Lubbock
TX,Waco
TX,Dallas
TX,Corpus Christi
TX,Dallas
TX,Temple
TX,Sweetwater
TX,Austin
TX,San Antonio
TX,Arlington
TX,Houston
TX,Lake Jackson
TX,Anson
TX,Irving
TX,Mount Pleasant
TX,Beeville
TX,Tyler
TX,Graham
TX,North Richland Hills
TX,Gainesville
TX,Eagle Pass
TX,Pasadena
TX,Pampa
TX,Waco
TX,Tyler
TX,Seguin
TX,El Paso
TX,Floresville
TX,Edinburg
TX,Austin
TX,Weslaco
TX,San Antonio
TX,Odessa
TX,Midland
TX,Fort Worth
TX,Fort Worth
TX,Smithville
TX,Andrews
TX,Victoria
TX,Cleburne
TX,Killeen
TX,Del Rio
TX,Hereford
TX,Lubbock
TX,Kingsville
TX,Jourdanton
TX,Mission
TX,Houston
TX,Brenham
TX,Hillsboro
TX,Houston
TX,Jacksonville
TX,Paris
TX,Texarkana
TX,Weatherford
TX,Amarillo
TX,Carthage
TX,Lufkin
TX,San Antonio
TX,Llano
TX,Conroe
TX,Abilene
TX,Amarillo
TX,Gonzales
TX,Sulphur Springs
TX,San Antonio
TX,Jacksboro
TX,Hamlin
TX,Bellville
TX,Decatur
TX,San Marcos
TX,Houston
TX,Kaufman
TX,College Station
TX,Denison
TX,Richmond
TX,San Angelo
TX,Beaumont
TX,Huntsville
TX,Marlin
TX,Stephenville
TX,Greenville
TX,Houston
TX,Childress
TX,Columbus
TX,Waxahachie
TX,Dallas
TX,San Antonio
TX,Athens
TX,Livingston
TX,Brownfield
TX,Mexia
TX,Mckinney
TX,Eastland
TX,Azle
TX,Dallas
TX,Baytown
TX,Austin
TX,Corsicana
TX,Glen Rose
TX,Woodville
TX,Dallas
TX,Bay City
TX,Sherman
TX,Henderson
TX,Lufkin
TX,Kilgore
TX,Lamesa
TX,Breckenridge
TX,Nacogdoches
TX,Port Arthur
TX,Richardson
TX,Plainview
TX,Abilene
TX,Grapevine
TX,Mineral Wells
TX,San Angelo
TX,Jasper
TX,Canadian
TX,Vernon
TX,Seymour
TX,Brownwood
TX,Granbury
TX,Cuero
TX,Fredericksburg
TX,Aransas Pass
TX,Houston
TX,Webster
TX,Denton
TX,Houston
TX,Bedford
TX,Nocona
TX,Laredo
TX,Houston
TX,Dallas
TX,Plano
TX,Big Spring
TX,Rio Grande City
TX,Nacogdoches
TX,Fairfield
TX,Houston
TX,Odessa
TX,Brownsville
TX,El Paso
TX,Lewisville
TX,Tomball
TX,Fort Worth
TX,Houston
TX,Arlington
TX,Burleson
TX,Dallas
TX,Humble
TX,Lubbock
TX,Mesquite
TX,Tyler
TX,El Campo
TX,San Antonio
TX,Littlefield
TX,Longview
TX,Nassau Bay
TX,Mcallen
TX,Austin
TX,Houston
TX,Round Rock
TX,Dallas
TX,Carrollton
TX,Rowlett
TX,Denton
TX,Knox City
TX,Palestine
TX,Hamilton
TX,Levelland
TX,Dallas
TX,Plano
TX,Houston
TX,Kingwood
TX,Fort Worth
TX,San Antonio
TX,Corpus Christi
TX,Houston
TX,Texarkana
TX,Houston
TX,Houston
TX,Austin
TX,Austin
TX,Sugar Land
TX,Irving
TX,Edinburg
TX,Wichita Falls
TX,Alice
TX,Pasadena
TX,Ennis
TX,Bryan
TX,Allen
TX,Houston
TX,El Paso
TX,Katy
TX,Sugar Land
TX,Dallas
TX,Frisco
TX,Harlingen
TX,San Antonio
TX,Sugar Land
TX,The Woodlands
TX,Tyler
TX,Austin
TX,Austin
TX,Edinburg
TX,Austin
TX,Arlington
TX,Irving
TX,Amarillo
TX,Lubbock
TX,El Paso
TX,Fort Worth
TX,Trophy Club
TX,Frisco
TX,Southlake
TX,Dallas
TX,Plano
TX,Plano
TX,Denton
TX,Dallas
TX,Friona
TX,Big Lake
TX,Groesbeck
TX,Eldorado
TX,Caldwell
TX,Junction
TX,Iraan
TX,Denver City
TX,Mccamey
TX,Ballinger
TX,Sweeny
TX,Eagle Lake
TX,Rotan
TX,Kermit
TX,Winters
TX,Madisonville
TX,Refugio
TX,Aspermont
TX,Jacksonville
TX,Anahuac
TX,Navasota
TX,Lampasas
TX,Sonora
TX,Eden
TX,Chillicothe
TX,Winnie
TX,Rankin
TX,Hondo
TX,Dalhart
TX,Palacios
TX,Stanton
TX,Wheeler
TX,Muenster
TX,Lockney
TX,Van Horn
TX,Throckmorton
TX,Shamrock
TX,Haskell
TX,Colorado City
TX,Electra
TX,Spearman
TX,Crosbyton
TX,Yoakum
TX,Coleman
TX,Brady
TX,Tulia
TX,Dimmitt
TX,Tahoka
TX,Quanah
TX,Crane
TX,Olney
TX,Wellington
TX,Port Lavaca
TX,Rockdale
TX,Seminole
TX,Perryton
TX,San Augustine
TX,Hemphill
TX,Henrietta
TX,Edna
TX,Kenedy
TX,Burnet
TX,Morton
TX,Pittsburg
TX,Borger
TX,Bonham
TX,Luling
TX,Muleshoe
TX,Monahans
TX,Taylor
TX,Liberty
TX,Hallettsville
TX,Pecos
TX,Alpine
TX,Gatesville
TX,Quitman
TX,Winnsboro
TX,Comanche
TX,Snyder
TX,Clifton
TX,Dumas
TX,Uvalde
TX,Fort Stockton
TX,Carrizo Springs
TX,Pearsall
TX,Fort Worth
TX,Corpus Christi
TX,Dallas
TX,Houston
TX,Lubbock
TX,Allen
TX,Houston
TX,Austin
TX,Galveston
TX,Houston
TX,El Paso
TX,Dallas
TX,San Antonio
TX,Plano
UT,Provo
UT,Salt Lake City
UT,Ogden
UT,Ogden
UT,Salt Lake City
UT,Cedar City
UT,Salt Lake City
UT,Murray
UT,Price
UT,Payson
UT,Tooele
UT,Logan
UT,Brigham City
UT,Roosevelt
UT,St George
UT,American Fork
UT,Richfield
UT,Vernal
UT,Tremonton
UT,Layton
UT,Bountiful
UT,Orem
UT,Sandy
UT,Salt Lake City
UT,Murray
UT,West Jordan
UT,Orem
UT,North Logan
UT,Park City
UT,Riverton
UT,Draper
UT,Delta
UT,Fillmore
UT,Moab
UT,Mount Pleasant
UT,Nephi
UT,Milford
UT,Gunnison
UT,Heber City
UT,Monticello
UT,Kanab
UT,Blanding
UT,Panguitch
UT,Beaver
UT,Salt Lake City
UT,Salt Lake City
VT,Barre
VT,Burlington
VT,Rutland
VT,Brattleboro
VT,Bennington
VT,Saint Albans
VT,Townshend
VT,Randolph
VT,Windsor
VT,Saint Johnsbury
VT,Newport
VT,Morrisville
VT,Springfield
VT,Middlebury
VI,St Thomas
VI,St Croix
VA,Norton
VA,Lebanon
VA,Harrisonburg
VA,Winchester
VA,Norfolk
VA,Charlottesville
VA,Norfolk
VA,South Boston
VA,Portsmouth
VA,Fishersville
VA,Culpeper
VA,Hopewell
VA,Lynchburg
VA,Fredericksburg
VA,Warrenton
VA,Roanoke
VA,Richmond
VA,Front Royal
VA,Onancock
VA,Marion
VA,Alexandria
VA,Newport News
VA,Christiansburg
VA,Leesburg
VA,Suffolk
VA,Manassas
VA,Norfolk
VA,Salem
VA,Arlington
VA,Newport News
VA,Abingdon
VA,Virginia Beach
VA,Richmond
VA,Richlands
VA,Falls Church
VA,Williamsburg
VA,Petersburg
VA,Mechanicsville
VA,Danville
VA,Charlottesville
VA,Tappahannock
VA,Bedford
VA,Rocky Mount
VA,Farmville
VA,Franklin
VA,Hampton
VA,Richmond
VA,Emporia
VA,South Hill
VA,Fairfax
VA,Petersburg
VA,Reston
VA,Blacksburg
VA,Wytheville
VA,Richmond
VA,Woodbridge
VA,Big Stone Gap
VA,Galax
VA,Pulaski
VA,Tazewell
VA,Richmond
VA,Virginia Beach
VA,Chesapeake
VA,Alexandria
VA,Low Moor
VA,Grundy
VA,Arlington
VA,Gloucester
VA,Midlothian
VA,Stafford
VA,Fredericksburg
VA,Williamsburg
VA,Haymarket
VA,Dulles
VA,Hot Springs
VA,Pearisburg
VA,Clintwood
VA,Lexington
VA,Woodstock
VA,Luray
VA,Kilmarnock
VA,New Kent
VA,Norfolk
VA,Richmond
WA,Seattle
WA,Walla Walla
WA,Mount Vernon
WA,Seattle
WA,Anacortes
WA,Seattle
WA,Burien
WA,Yakima
WA,Everett
WA,Auburn
WA,Wenatchee
WA,Centralia
WA,Lakewood
WA,Olympia
WA,Seattle
WA,Edmonds
WA,Seattle
WA,Bellingham
WA,Aberdeen
WA,Moses Lake
WA,Yakima
WA,Toppenish
WA,Bremerton
WA,Longview
WA,Spokane
WA,Vancouver
WA,Bellevue
WA,Seattle
WA,Kennewick
WA,Spokane
WA,Richland
WA,Arlington
WA,Seattle
WA,Port Angeles
WA,Spokane
WA,Puyallup
WA,Monroe
WA,Renton
WA,Tacoma
WA,Spokane
WA,Kirkland
WA,Tacoma
WA,Olympia
WA,Federal Way
WA,Wenatchee
WA,Vancouver
WA,Gig Harbor
WA,Issaquah
WA,Covington
WA,Pomeroy
WA,Dayton
WA,South Bend
WA,Elma
WA,Davenport
WA,Odessa
WA,Grand Coulee
WA,Chewelah
WA,Newport
WA,Ritzville
WA,Prosser
WA,Leavenworth
WA,Ilwaco
WA,White Salmon
WA,Goldendale
WA,Ephrata
WA,Othello
WA,Morton
WA,Quincy
WA,Tonasket
WA,Republic
WA,Port Townsend
WA,Brewster
WA,Forks
WA,Colville
WA,Colfax
WA,Omak
WA,Sedro Woolley
WA,Sunnyside
WA,Pullman
WA,Clarkston
WA,Ellensburg
WA,Chelan
WA,Enumclaw
WA,Shelton
WA,Pasco
WA,Snoqualmie
WA,Coupeville
WA,Friday Harbor
WA,Seattle
WA,Tacoma
WA,Spokane
WV,Morgantown
WV,Ronceverte
WV,Bridgeport
WV,Huntington
WV,Martinsburg
WV,Point Pleasant
WV,Glen Dale
WV,Charleston
WV,Weirton
WV,Morgantown
WV,South Charleston
WV,Elkins
WV,Charleston
WV,Weston
WV,Wheeling
WV,Princeton
WV,Fairmont
WV,Logan
WV,Wheeling
WV,Huntington
WV,Parkersburg
WV,Beckley
WV,Beckley
WV,Bluefield
WV,New Martinsville
WV,Williamson
WV,Summersville
WV,Welch
WV,Charleston
WV,Philippi
WV,Webster Springs
WV,Grantsville
WV,Sistersville
WV,Spencer
WV,Grafton
WV,Gassaway
WV,Berkeley Springs
WV,Hinton
WV,Romney
WV,Kingwood
WV,Madison
WV,Buckeye
WV,Keyser
WV,Petersburg
WV,Oak Hill
WV,Montgomery
WV,Ranson
WV,Ripley
WV,Buckhannon
WI,Stevens Point
WI,La Crosse
WI,Waukesha
WI,Appleton
WI,Rice Lake
WI,Eau Claire
WI,Chippewa Falls
WI,Rhinelander
WI,Kenosha
WI,Mequon
WI,Monroe
WI,Wausau
WI,Wisconsin Rapids
WI,Two Rivers
WI,Sheboygan
WI,Marshfield
WI,Hartford
WI,Portage
WI,Sheboygan
WI,Neenah
WI,Green Bay
WI,Milwaukee
WI,Baraboo
WI,Burlington
WI,Oconomowoc
WI,West Bend
WI,Janesville
WI,Eau Claire
WI,Fort Atkinson
WI,Green Bay
WI,Beaver Dam
WI,Milwaukee
WI,Madison
WI,La Crosse
WI,Fond Du Lac
WI,Madison
WI,Woodruff
WI,Prairie Du Sac
WI,Racine
WI,Green Bay
WI,Madison
WI,Beloit
WI,Elkhorn
WI,Menomonee Falls
WI,Manitowoc
WI,Mauston
WI,Marinette
WI,Watertown
WI,Milwaukee
WI,Milwaukee
WI,West Allis
WI,Appleton
WI,Milwaukee
WI,Kenosha
WI,Green Bay
WI,Glendale
WI,Altoona
WI,Oshkosh
WI,Weston
WI,Franklin
WI,Summit
WI,Grafton
WI,Janesville
WI,Eagle River
WI,Osseo
WI,Wild Rose
WI,Hillsboro
WI,Sparta
WI,Durand
WI,Amery
WI,Friendship
WI,Oconto Falls
WI,Stanley
WI,Darlington
WI,Tomahawk
WI,Bloomer
WI,Barron
WI,Whitehall
WI,Chilton
WI,Osceola
WI,Edgerton
WI,Tomah
WI,Ripon
WI,Lancaster
WI,Neillsville
WI,Medford
WI,Park Falls
WI,New London
WI,Waupun
WI,Ladysmith
WI,Superior
WI,Prairie Du Chien
WI,Grantsburg
WI,Spooner
WI,Black River Falls
WI,Waupaca
WI,Hudson
WI,Hayward
WI,Saint Croix Falls
WI,Columbus
WI,Merrill
WI,Menomonie
WI,Richland Center
WI,Shell Lake
WI,Stoughton
WI,Boscobel
WI,New Richmond
WI,Shawano
WI,Baldwin
WI,Viroqua
WI,River Falls
WI,Antigo
WI,Reedsburg
WI,Dodgeville
WI,Cumberland
WI,Platteville
WI,Berlin
WI,Oconto
WI,Lake Geneva
WI,Sturgeon Bay
WI,Ashland
WI,Milwaukee
WI,Neenah
WY,Gillette
WY,Sheridan
WY,Riverton
WY,Rock Springs
WY,Casper
WY,Cheyenne
WY,Jackson
WY,Laramie
WY,Evanston
WY,Casper
WY,Casper
WY,Rock Springs
WY,Basin
WY,Douglas
WY,Newcastle
WY,Thermopolis
WY,Wheatland
WY,Worland
WY,Torrington
WY,Buffalo
WY,Lovell
WY,Powell
WY,Sundance
WY,Cody
WY,Afton
WY,Lusk
WY,Kemmerer
WY,Rawlins
AS,Pago Pago
GU,Tamuning
GU,Dededo
MP,Garapan
TX,La Grange
TX,Kingwood
TX,Austin
TX,Webster
TX,Denton
TX,Mansfield
TX,Cypress
TX,Plano
TX,Pasadena
TX,Round Rock
TX,Round Rock
TX,Cedar Park
TX,Rockwall
TX,Hurst
TX,Fort Worth
TX,El Paso
TX,Dallas
TX,Sugar Land
TX,San Antonio
TX,San Antonio
TX,Kyle
TX,The Woodlands
TX,Sunnyvale
TX,Corpus Christi
TX,Aubrey
TX,Arlington
TX,Flower Mound
TX,Mckinney
TX,Arlington
TX,Addison
TX,Houston
TX,Sherman
TX,Houston
TX,San Antonio
TX,Harker Heights
TX,Mc Kinney
TX,Grand Prairie
TX,Fort Worth
TX,Cedar Park
TX,College Station
TX,Lancaster
TX,Conroe
TX,Cameron
TX,Tomball
TX,Rockwall
TX,New Braunfels
TX,Shenandoah
TX,Houston
TX,Fort Worth
TX,Pearland
TX,Burleson
TX,Marble Falls
TX,Baytown
TX,Carrollton
TX,San Antonio
TX,Humble
TX,Cleveland
TX,Fort Worth
TX,Grand Saline
TX,Houston
TX,Houston
TX,El Paso
TX,Hurst
TX,The Woodlands
TX,Horizon City
